{
  "Debug Sampler" : {
    "transaction" : "Debug Sampler",
    "sampleCount" : 10,
    "errorCount" : 0,
    "errorPct" : 0.0,
    "meanResTime" : 3.8,
    "medianResTime" : 2.5,
    "minResTime" : 0.0,
    "maxResTime" : 11.0,
    "pct1ResTime" : 10.8,
    "pct2ResTime" : 11.0,
    "pct3ResTime" : 11.0,
    "throughput" : 0.03457874444578917,
    "receivedKBytesPerSec" : 0.01685376108680994,
    "sentKBytesPerSec" : 0.0
  },
  "T02-GetMetaData" : {
    "transaction" : "T02-GetMetaData",
    "sampleCount" : 10,
    "errorCount" : 0,
    "errorPct" : 0.0,
    "meanResTime" : 384.40000000000003,
    "medianResTime" : 371.0,
    "minResTime" : 168.0,
    "maxResTime" : 623.0,
    "pct1ResTime" : 622.4,
    "pct2ResTime" : 623.0,
    "pct3ResTime" : 623.0,
    "throughput" : 0.034369457924909606,
    "receivedKBytesPerSec" : 0.04816423058813016,
    "sentKBytesPerSec" : 0.006578529055939729
  },
  "Total" : {
    "transaction" : "Total",
    "sampleCount" : 40,
    "errorCount" : 10,
    "errorPct" : 25.0,
    "meanResTime" : 194.525,
    "medianResTime" : 182.5,
    "minResTime" : 0.0,
    "maxResTime" : 623.0,
    "pct1ResTime" : 550.6,
    "pct2ResTime" : 615.1499999999999,
    "pct3ResTime" : 623.0,
    "throughput" : 0.12805081056163087,
    "receivedKBytesPerSec" : 0.11548645002336928,
    "sentKBytesPerSec" : 0.0248692431156683
  },
  "T04-Create-Record" : {
    "transaction" : "T04-Create-Record",
    "sampleCount" : 10,
    "errorCount" : 10,
    "errorPct" : 100.0,
    "meanResTime" : 207.1,
    "medianResTime" : 199.0,
    "minResTime" : 171.0,
    "maxResTime" : 314.0,
    "pct1ResTime" : 304.0,
    "pct2ResTime" : 314.0,
    "pct3ResTime" : 314.0,
    "throughput" : 0.03503326408424799,
    "receivedKBytesPerSec" : 0.030072499150443348,
    "sentKBytesPerSec" : 0.013188792289528909
  },
  "T03-RetreiveaRecord" : {
    "transaction" : "T03-RetreiveaRecord",
    "sampleCount" : 10,
    "errorCount" : 0,
    "errorPct" : 0.0,
    "meanResTime" : 182.8,
    "medianResTime" : 180.0,
    "minResTime" : 151.0,
    "maxResTime" : 222.0,
    "pct1ResTime" : 220.70000000000002,
    "pct2ResTime" : 222.0,
    "pct3ResTime" : 222.0,
    "throughput" : 0.034388959768355966,
    "receivedKBytesPerSec" : 0.029586595269454695,
    "sentKBytesPerSec" : 0.007186755264090017
  }
}