{
  "Debug Sampler" : {
    "transaction" : "Debug Sampler",
    "sampleCount" : 10,
    "errorCount" : 0,
    "errorPct" : 0.0,
    "meanResTime" : 4.6,
    "medianResTime" : 3.0,
    "minResTime" : 0.0,
    "maxResTime" : 16.0,
    "pct1ResTime" : 15.400000000000002,
    "pct2ResTime" : 16.0,
    "pct3ResTime" : 16.0,
    "throughput" : 0.03161465528960605,
    "receivedKBytesPerSec" : 0.015177504433955403,
    "sentKBytesPerSec" : 0.0
  },
  "T02-GetMetaData" : {
    "transaction" : "T02-GetMetaData",
    "sampleCount" : 10,
    "errorCount" : 0,
    "errorPct" : 0.0,
    "meanResTime" : 296.2,
    "medianResTime" : 192.5,
    "minResTime" : 174.0,
    "maxResTime" : 661.0,
    "pct1ResTime" : 659.8,
    "pct2ResTime" : 661.0,
    "pct3ResTime" : 661.0,
    "throughput" : 0.03203393033901508,
    "receivedKBytesPerSec" : 0.04489129886375649,
    "sentKBytesPerSec" : 0.006131494478952107
  },
  "Total" : {
    "transaction" : "Total",
    "sampleCount" : 40,
    "errorCount" : 10,
    "errorPct" : 25.0,
    "meanResTime" : 214.14999999999998,
    "medianResTime" : 185.5,
    "minResTime" : 0.0,
    "maxResTime" : 661.0,
    "pct1ResTime" : 609.9,
    "pct2ResTime" : 647.3999999999999,
    "pct3ResTime" : 661.0,
    "throughput" : 0.11691940745244303,
    "receivedKBytesPerSec" : 0.10523317566264075,
    "sentKBytesPerSec" : 0.022270635179295912
  },
  "T04-Create-Record" : {
    "transaction" : "T04-Create-Record",
    "sampleCount" : 10,
    "errorCount" : 10,
    "errorPct" : 100.0,
    "meanResTime" : 360.0,
    "medianResTime" : 202.0,
    "minResTime" : 174.0,
    "maxResTime" : 617.0,
    "pct1ResTime" : 616.4,
    "pct2ResTime" : 617.0,
    "pct3ResTime" : 617.0,
    "throughput" : 0.031393034513502144,
    "receivedKBytesPerSec" : 0.026947731774773817,
    "sentKBytesPerSec" : 0.011349317750877436
  },
  "T03-RetreiveaRecord" : {
    "transaction" : "T03-RetreiveaRecord",
    "sampleCount" : 10,
    "errorCount" : 0,
    "errorPct" : 0.0,
    "meanResTime" : 195.8,
    "medianResTime" : 170.5,
    "minResTime" : 153.0,
    "maxResTime" : 384.0,
    "pct1ResTime" : 367.50000000000006,
    "pct2ResTime" : 384.0,
    "pct3ResTime" : 384.0,
    "throughput" : 0.0319933453841601,
    "receivedKBytesPerSec" : 0.0275255246908643,
    "sentKBytesPerSec" : 0.006686109289267833
  }
}